SNP,New_SNP_ID,CHR,A1,A2,MAF,PIC
chr3:84140580:C:T,SNP001,3,T,C,0.5,0.375
chr3:106823902:A:G,SNP002,3,A,G,0.5,0.375
chr6:713748933:C:T,SNP003,6,T,C,0.5,0.375
chr6:899293109:C:T,SNP004,6,T,C,0.5,0.375
chr3:505519994:A:C,SNP005,3,C,A,0.5,0.375
chr6:740398209:A:G,SNP006,6,A,G,0.5,0.375
chr1S:1409286190:C:T,SNP007,chr1S,T,C,0.5,0.375
chr1L:269222753:A:G,SNP008,chr1L,G,A,0.5,0.375
chr1S:1473412435:G:T,SNP009,chr1S,G,T,0.5,0.375
chr6:1074315995:A:G,SNP010,6,G,A,0.5,0.375
chr2:389598939:A:T,SNP011,2,A,T,0.5,0.375
chr2:326228327:A:G,SNP012,2,G,A,0.5,0.375
chr6:658516587:C:T,SNP013,6,T,C,0.5,0.375
chr1L:431271693:C:T,SNP014,chr1L,C,T,0.5,0.375
chr2:586411626:A:C,SNP015,2,A,C,0.5,0.375
chr6:79784464:A:C,SNP016,6,A,C,0.5,0.375
chr6:51749213:A:G,SNP017,6,A,G,0.5,0.375
chr6:49501398:C:T,SNP018,6,C,T,0.5,0.375
chr5:1185415343:A:G,SNP019,5,G,A,0.5,0.375
chr1L:704383938:A:G,SNP020,chr1L,G,A,0.5,0.375
chr1L:687737649:A:G,SNP021,chr1L,G,A,0.5,0.375
chr1L:680162444:A:G,SNP022,chr1L,A,G,0.5,0.375
chr5:1290568347:A:G,SNP023,5,A,G,0.5,0.375
chr5:1051170209:A:G,SNP024,5,A,G,0.5,0.375
chr5:1028106634:C:T,SNP025,5,T,C,0.5,0.375
chr1L:576680331:C:T,SNP026,chr1L,T,C,0.5,0.375
chr1L:1093851681:A:C,SNP027,chr1L,A,C,0.5,0.375
chr1L:1068260783:A:G,SNP028,chr1L,A,G,0.5,0.375
chr2:704663332:C:T,SNP029,2,T,C,0.5,0.375
chr5:816047640:A:C,SNP030,5,A,C,0.5,0.375
chr5:724417340:A:G,SNP031,5,A,G,0.5,0.375
chr1L:938458904:C:T,SNP032,chr1L,C,T,0.5,0.375
chr1S:1341039316:A:G,SNP033,chr1S,A,G,0.5,0.375
chr1L:1093876408:C:T,SNP034,chr1L,T,C,0.5,0.375
chr5:24337734:A:T,SNP035,5,A,T,0.5,0.375
chr4:1578032719:A:G,SNP036,4,A,G,0.5,0.375
chr5:163813368:C:T,SNP037,5,T,C,0.5,0.375
chr1L:1063778330:C:T,SNP038,chr1L,C,T,0.5,0.375
chr4:1260448718:C:T,SNP039,4,C,T,0.5,0.375
chr2:749377018:A:G,SNP040,2,A,G,0.5,0.375
chr5:80804829:C:G,SNP041,5,C,G,0.5,0.375
chr4:1531751376:A:G,SNP042,4,A,G,0.5,0.375
chr1L:636824825:G:T,SNP043,chr1L,T,G,0.5,0.375
chr2:1050715798:G:T,SNP044,2,T,G,0.5,0.375
chr2:1679602102:C:T,SNP045,2,T,C,0.5,0.375
chr1S:428021948:A:G,SNP046,chr1S,A,G,0.5,0.375
chr3:572466023:A:G,SNP047,3,G,A,0.5,0.375
chr2:1372326230:G:T,SNP048,2,G,T,0.5,0.375
chr4:519073352:A:C,SNP049,4,A,C,0.5,0.375
chr4:583715748:C:T,SNP050,4,T,C,0.5,0.375
chr4:707310010:G:T,SNP051,4,T,G,0.5,0.375
chr4:766520376:A:G,SNP052,4,A,G,0.5,0.375
chr1L:1384049647:A:C,SNP053,chr1L,A,C,0.5,0.375
chr4:562908069:C:G,SNP054,4,C,G,0.5,0.375
chr2:788731038:A:G,SNP055,2,A,G,0.5,0.375
chr2:917225746:A:G,SNP056,2,G,A,0.5,0.375
chr4:1069901431:A:G,SNP057,4,G,A,0.5,0.375
chr4:904655316:C:T,SNP058,4,T,C,0.5,0.375
chr1S:1005171044:G:T,SNP059,chr1S,T,G,0.5,0.375
chr1S:986010042:A:G,SNP060,chr1S,G,A,0.5,0.375
chr2:1426119534:A:G,SNP061,2,A,G,0.5,0.375
chr3:1156911232:A:G,SNP062,3,G,A,0.5,0.375
chr2:1231126025:C:T,SNP063,2,T,C,0.5,0.375
chr2:1242037233:A:G,SNP064,2,A,G,0.5,0.375
chr1L:1848693651:A:T,SNP065,chr1L,T,A,0.5,0.375
chr3:1116829773:A:G,SNP066,3,A,G,0.5,0.375
chr1S:21695768:C:T,SNP067,chr1S,C,T,0.5,0.375
chr3:640139594:C:T,SNP068,3,T,C,0.5,0.375
chr3:688233880:C:T,SNP069,3,T,C,0.5,0.375
chr4:369428679:C:T,SNP070,4,T,C,0.5,0.375
chr4:35683435:C:T,SNP071,4,C,T,0.5,0.375
chr4:76012408:A:G,SNP072,4,A,G,0.5,0.375
chr3:1430897534:A:C,SNP073,3,A,C,0.5,0.375
chr3:601621515:A:G,SNP074,3,G,A,0.5,0.375
chr4:671146674:A:G,SNP075,4,A,G,0.5,0.375
chr2:1582440579:C:T,SNP076,2,C,T,0.5,0.375
chr2:1685349411:C:T,SNP077,2,C,T,0.5,0.375
chr1S:90738856:A:G,SNP078,chr1S,A,G,0.5,0.375
chr2:166955370:G:T,SNP079,2,T,G,0.5,0.375
chr2:113554163:A:G,SNP080,2,G,A,0.5,0.375
chr1L:9139829:C:T,SNP081,chr1L,T,C,0.5,0.375
chr3:25490081:C:T,SNP082,3,C,T,0.5,0.375
chr2:116998300:G:T,SNP083,2,T,G,0.5,0.375
chr2:96087969:A:T,SNP084,2,T,A,0.5,0.375
chr1L:69241599:C:T,SNP085,chr1L,T,C,0.5,0.375
chr3:930781725:C:T,SNP086,3,T,C,0.5,0.375
chr3:709799367:A:C,SNP087,3,C,A,0.5,0.375
chr3:669770720:C:T,SNP088,3,T,C,0.4762,0.3744329182914526
sca400:297455:A:G,SNP089,sca400,G,A,0.4762,0.3744329182914526
chr1S:582890125:A:G,SNP090,chr1S,A,G,0.4762,0.3744329182914526
chr1L:2959066:A:C,SNP091,chr1L,A,C,0.4762,0.3744329182914526
chr1S:1469594218:A:G,SNP092,chr1S,G,A,0.4762,0.3744329182914526
chr1S:763067876:C:T,SNP093,chr1S,C,T,0.4762,0.3744329182914526
chr4:1004820079:A:C,SNP094,4,C,A,0.4762,0.3744329182914526
chr2:1009390765:C:T,SNP095,2,T,C,0.4762,0.3744329182914526
chr1L:1410694018:A:T,SNP096,chr1L,A,T,0.4762,0.3744329182914526
chr2:790312384:A:G,SNP097,2,A,G,0.4762,0.3744329182914526
chr4:726098565:C:T,SNP098,4,T,C,0.4762,0.3744329182914526
chr1S:374134089:G:T,SNP099,chr1S,G,T,0.4762,0.3744329182914526
chr4:399495780:A:C,SNP100,4,C,A,0.4762,0.3744329182914526
chr4:282650191:C:T,SNP101,4,T,C,0.4762,0.3744329182914526
chr6:1337842821:A:G,SNP102,6,G,A,0.4762,0.3744329182914526
chr3:782698170:A:C,SNP103,3,A,C,0.4762,0.3744329182914526
chr3:954630350:G:T,SNP104,3,T,G,0.4762,0.3744329182914526
chr2:927834304:C:T,SNP105,2,C,T,0.4762,0.3744329182914526
chr2:1000291964:C:T,SNP106,2,T,C,0.4762,0.3744329182914526
chr2:514447390:C:T,SNP107,2,C,T,0.4762,0.3744329182914526
chr1L:512215143:C:G,SNP108,chr1L,C,G,0.4762,0.3744329182914526
chr2:646314536:A:T,SNP109,2,A,T,0.4762,0.3744329182914526
chr1S:1302756340:A:G,SNP110,chr1S,A,G,0.4762,0.3744329182914526
chr2:757836466:A:C,SNP111,2,A,C,0.4762,0.3744329182914526
chr1L:1354760066:A:G,SNP112,chr1L,A,G,0.4762,0.3744329182914526
chr2:641918445:C:T,SNP113,2,T,C,0.4762,0.3744329182914526
chr1L:1305473632:C:G,SNP114,chr1L,G,C,0.4762,0.3744329182914526
chr6:456201107:C:T,SNP115,6,C,T,0.4762,0.3744329182914526
chr2:438131745:G:T,SNP116,2,T,G,0.475,0.37437421875
chr2:582500604:A:G,SNP117,2,A,G,0.475,0.37437421875
chr6:970470954:G:T,SNP118,6,T,G,0.475,0.37437421875
chr1L:54193658:C:T,SNP119,chr1L,C,T,0.475,0.37437421875
sca197:83164:A:G,SNP120,sca197,G,A,0.475,0.37437421875
chr3:118430153:C:T,SNP121,3,C,T,0.475,0.37437421875
chr3:118869325:A:G,SNP122,3,A,G,0.475,0.37437421875
chr1L:1305387731:C:T,SNP123,chr1L,C,T,0.475,0.37437421875
chr5:105954585:C:T,SNP124,5,T,C,0.475,0.37437421875
chr4:1248330187:A:G,SNP125,4,G,A,0.475,0.37437421875
chr4:1225735889:C:T,SNP126,4,T,C,0.475,0.37437421875
chr4:1505900672:C:T,SNP127,4,T,C,0.475,0.37437421875
chr1L:1130961067:A:G,SNP128,chr1L,A,G,0.475,0.37437421875
chr1L:1121767612:A:G,SNP129,chr1L,A,G,0.475,0.37437421875
chr5:28835381:A:C,SNP130,5,C,A,0.475,0.37437421875
chr4:1255335465:C:T,SNP131,4,T,C,0.475,0.37437421875
chr5:157205807:C:T,SNP132,5,T,C,0.475,0.37437421875
chr1L:1113158036:A:G,SNP133,chr1L,G,A,0.475,0.37437421875
chr1L:1100399669:G:T,SNP134,chr1L,T,G,0.475,0.37437421875
chr1L:984014418:A:G,SNP135,chr1L,A,G,0.475,0.37437421875
chr1L:1003589949:G:T,SNP136,chr1L,T,G,0.475,0.37437421875
chr1L:1008779296:C:T,SNP137,chr1L,C,T,0.475,0.37437421875
chr2:753593131:A:C,SNP138,2,A,C,0.475,0.37437421875
chr1L:729425161:A:T,SNP139,chr1L,A,T,0.475,0.37437421875
chr1L:1095410610:C:T,SNP140,chr1L,T,C,0.475,0.37437421875
chr5:1154728947:C:T,SNP141,5,T,C,0.475,0.37437421875
chr5:957478078:G:T,SNP142,5,T,G,0.475,0.37437421875
chr5:1023223431:A:G,SNP143,5,G,A,0.475,0.37437421875
chr1L:590658208:A:G,SNP144,chr1L,G,A,0.475,0.37437421875
chr5:452818136:C:G,SNP145,5,G,C,0.475,0.37437421875
chr2:746975767:C:T,SNP146,2,C,T,0.475,0.37437421875
chr5:435491031:A:G,SNP147,5,A,G,0.475,0.37437421875
chr5:742986796:A:G,SNP148,5,A,G,0.475,0.37437421875
chr5:934548665:A:G,SNP149,5,G,A,0.475,0.37437421875
chr1L:872162675:G:T,SNP150,chr1L,T,G,0.475,0.37437421875
