CHR,SNP,TEST,A1,A2,GENO,O(HET),E(HET),P,hom_ref,het,hom_alt,N,ref_alleles,alt_alleles,total_alleles,Q,PIC,GeneDiversity
2,chr2:96087969:A:T,ALL(NP),T,A,7/6/7,0.3,0.5,0.5,7,6,7,20,20,20,40,0.5,0.375,0.5
2,chr2:113554163:A:G,ALL(NP),G,A,8/4/8,0.2,0.5,0.5,8,4,8,20,20,20,40,0.5,0.375,0.5
2,chr2:116998300:G:T,ALL(NP),T,G,8/4/8,0.2,0.5,0.5,8,4,8,20,20,20,40,0.5,0.375,0.5
2,chr2:166955370:G:T,ALL(NP),T,G,7/6/7,0.3,0.5,0.5,7,6,7,20,20,20,40,0.5,0.375,0.5
2,chr2:326228327:A:G,ALL(NP),G,A,7/7/7,0.3333,0.5,0.5,7,7,7,21,21,21,42,0.5,0.375,0.5
2,chr2:389598939:A:T,ALL(NP),A,T,7/6/7,0.3,0.5,0.5,7,6,7,20,20,20,40,0.5,0.375,0.5
2,chr2:438131745:G:T,ALL(NP),T,G,6/7/7,0.35,0.4988,0.475,6,7,7,20,19,21,40,0.525,0.37437421875000004,0.49874999999999997
2,chr2:514447390:C:T,ALL(NP),C,T,1/18/2,0.8571,0.4989,0.47619047619047616,1,18,2,21,20,22,42,0.5238095238095238,0.37443246383965534,0.4988662131519274
2,chr2:582500604:A:G,ALL(NP),A,G,2/15/3,0.75,0.4988,0.475,2,15,3,20,19,21,40,0.525,0.37437421875000004,0.49874999999999997
2,chr2:586411626:A:C,ALL(NP),A,C,8/4/8,0.2,0.5,0.5,8,4,8,20,20,20,40,0.5,0.375,0.5
2,chr2:641918445:C:T,ALL(NP),T,C,9/2/10,0.09524,0.4989,0.47619047619047616,9,2,10,21,20,22,42,0.5238095238095238,0.37443246383965534,0.4988662131519274
2,chr2:646314536:A:T,ALL(NP),A,T,6/8/7,0.381,0.4989,0.47619047619047616,6,8,7,21,20,22,42,0.5238095238095238,0.37443246383965534,0.4988662131519274
2,chr2:704663332:C:T,ALL(NP),T,C,7/6/7,0.3,0.5,0.5,7,6,7,20,20,20,40,0.5,0.375,0.5
2,chr2:746975767:C:T,ALL(NP),C,T,8/3/9,0.15,0.4988,0.475,8,3,9,20,19,21,40,0.525,0.37437421875000004,0.49874999999999997
2,chr2:749377018:A:G,ALL(NP),A,G,8/4/8,0.2,0.5,0.5,8,4,8,20,20,20,40,0.5,0.375,0.5
2,chr2:753593131:A:C,ALL(NP),A,C,8/3/9,0.15,0.4988,0.475,8,3,9,20,19,21,40,0.525,0.37437421875000004,0.49874999999999997
2,chr2:757836466:A:C,ALL(NP),A,C,2/16/3,0.7619,0.4989,0.47619047619047616,2,16,3,21,20,22,42,0.5238095238095238,0.37443246383965534,0.4988662131519274
2,chr2:788731038:A:G,ALL(NP),A,G,8/4/8,0.2,0.5,0.5,8,4,8,20,20,20,40,0.5,0.375,0.5
2,chr2:790312384:A:G,ALL(NP),A,G,8/4/9,0.1905,0.4989,0.47619047619047616,8,4,9,21,20,22,42,0.5238095238095238,0.37443246383965534,0.4988662131519274
2,chr2:917225746:A:G,ALL(NP),G,A,4/12/4,0.6,0.5,0.5,4,12,4,20,20,20,40,0.5,0.375,0.5
2,chr2:927834304:C:T,ALL(NP),C,T,2/16/3,0.7619,0.4989,0.47619047619047616,2,16,3,21,20,22,42,0.5238095238095238,0.37443246383965534,0.4988662131519274
2,chr2:1000291964:C:T,ALL(NP),T,C,1/18/2,0.8571,0.4989,0.47619047619047616,1,18,2,21,20,22,42,0.5238095238095238,0.37443246383965534,0.4988662131519274
2,chr2:1009390765:C:T,ALL(NP),T,C,8/4/9,0.1905,0.4989,0.47619047619047616,8,4,9,21,20,22,42,0.5238095238095238,0.37443246383965534,0.4988662131519274
2,chr2:1050715798:G:T,ALL(NP),T,G,7/6/7,0.3,0.5,0.5,7,6,7,20,20,20,40,0.5,0.375,0.5
2,chr2:1231126025:C:T,ALL(NP),T,C,3/14/3,0.7,0.5,0.5,3,14,3,20,20,20,40,0.5,0.375,0.5
2,chr2:1242037233:A:G,ALL(NP),A,G,6/8/6,0.4,0.5,0.5,6,8,6,20,20,20,40,0.5,0.375,0.5
2,chr2:1372326230:G:T,ALL(NP),G,T,8/4/8,0.2,0.5,0.5,8,4,8,20,20,20,40,0.5,0.375,0.5
2,chr2:1426119534:A:G,ALL(NP),A,G,9/2/9,0.1,0.5,0.5,9,2,9,20,20,20,40,0.5,0.375,0.5
2,chr2:1582440579:C:T,ALL(NP),C,T,7/6/7,0.3,0.5,0.5,7,6,7,20,20,20,40,0.5,0.375,0.5
2,chr2:1679602102:C:T,ALL(NP),T,C,8/4/8,0.2,0.5,0.5,8,4,8,20,20,20,40,0.5,0.375,0.5
2,chr2:1685349411:C:T,ALL(NP),C,T,2/17/2,0.8095,0.5,0.5,2,17,2,21,21,21,42,0.5,0.375,0.5
3,chr3:25490081:C:T,ALL(NP),C,T,3/15/3,0.7143,0.5,0.5,3,15,3,21,21,21,42,0.5,0.375,0.5
3,chr3:84140580:C:T,ALL(NP),T,C,8/4/8,0.2,0.5,0.5,8,4,8,20,20,20,40,0.5,0.375,0.5
3,chr3:106823902:A:G,ALL(NP),A,G,9/2/9,0.1,0.5,0.5,9,2,9,20,20,20,40,0.5,0.375,0.5
3,chr3:118430153:C:T,ALL(NP),C,T,0/19/1,0.95,0.4988,0.475,0,19,1,20,19,21,40,0.525,0.37437421875000004,0.49874999999999997
3,chr3:118869325:A:G,ALL(NP),A,G,0/19/1,0.95,0.4988,0.475,0,19,1,20,19,21,40,0.525,0.37437421875000004,0.49874999999999997
3,chr3:505519994:A:C,ALL(NP),C,A,8/4/8,0.2,0.5,0.5,8,4,8,20,20,20,40,0.5,0.375,0.5
3,chr3:572466023:A:G,ALL(NP),G,A,8/4/8,0.2,0.5,0.5,8,4,8,20,20,20,40,0.5,0.375,0.5
3,chr3:601621515:A:G,ALL(NP),G,A,7/6/7,0.3,0.5,0.5,7,6,7,20,20,20,40,0.5,0.375,0.5
3,chr3:640139594:C:T,ALL(NP),T,C,7/7/7,0.3333,0.5,0.5,7,7,7,21,21,21,42,0.5,0.375,0.5
3,chr3:669770720:C:T,ALL(NP),T,C,0/20/1,0.9524,0.4989,0.47619047619047616,0,20,1,21,20,22,42,0.5238095238095238,0.37443246383965534,0.4988662131519274
3,chr3:688233880:C:T,ALL(NP),T,C,8/5/8,0.2381,0.5,0.5,8,5,8,21,21,21,42,0.5,0.375,0.5
3,chr3:709799367:A:C,ALL(NP),C,A,1/18/1,0.9,0.5,0.5,1,18,1,20,20,20,40,0.5,0.375,0.5
3,chr3:782698170:A:C,ALL(NP),A,C,6/8/7,0.381,0.4989,0.47619047619047616,6,8,7,21,20,22,42,0.5238095238095238,0.37443246383965534,0.4988662131519274
3,chr3:930781725:C:T,ALL(NP),T,C,8/4/8,0.2,0.5,0.5,8,4,8,20,20,20,40,0.5,0.375,0.5
3,chr3:954630350:G:T,ALL(NP),T,G,9/2/10,0.09524,0.4989,0.47619047619047616,9,2,10,21,20,22,42,0.5238095238095238,0.37443246383965534,0.4988662131519274
3,chr3:1116829773:A:G,ALL(NP),A,G,8/4/8,0.2,0.5,0.5,8,4,8,20,20,20,40,0.5,0.375,0.5
3,chr3:1156911232:A:G,ALL(NP),G,A,1/18/1,0.9,0.5,0.5,1,18,1,20,20,20,40,0.5,0.375,0.5
3,chr3:1430897534:A:C,ALL(NP),A,C,7/6/7,0.3,0.5,0.5,7,6,7,20,20,20,40,0.5,0.375,0.5
4,chr4:35683435:C:T,ALL(NP),C,T,7/6/7,0.3,0.5,0.5,7,6,7,20,20,20,40,0.5,0.375,0.5
4,chr4:76012408:A:G,ALL(NP),A,G,4/12/4,0.6,0.5,0.5,4,12,4,20,20,20,40,0.5,0.375,0.5
4,chr4:282650191:C:T,ALL(NP),T,C,8/4/9,0.1905,0.4989,0.47619047619047616,8,4,9,21,20,22,42,0.5238095238095238,0.37443246383965534,0.4988662131519274
4,chr4:369428679:C:T,ALL(NP),T,C,7/6/7,0.3,0.5,0.5,7,6,7,20,20,20,40,0.5,0.375,0.5
4,chr4:399495780:A:C,ALL(NP),C,A,8/4/9,0.1905,0.4989,0.47619047619047616,8,4,9,21,20,22,42,0.5238095238095238,0.37443246383965534,0.4988662131519274
4,chr4:519073352:A:C,ALL(NP),A,C,8/5/8,0.2381,0.5,0.5,8,5,8,21,21,21,42,0.5,0.375,0.5
4,chr4:562908069:C:G,ALL(NP),C,G,8/4/8,0.2,0.5,0.5,8,4,8,20,20,20,40,0.5,0.375,0.5
4,chr4:583715748:C:T,ALL(NP),T,C,7/6/7,0.3,0.5,0.5,7,6,7,20,20,20,40,0.5,0.375,0.5
4,chr4:671146674:A:G,ALL(NP),A,G,8/4/8,0.2,0.5,0.5,8,4,8,20,20,20,40,0.5,0.375,0.5
4,chr4:707310010:G:T,ALL(NP),T,G,8/4/8,0.2,0.5,0.5,8,4,8,20,20,20,40,0.5,0.375,0.5
4,chr4:726098565:C:T,ALL(NP),T,C,3/14/4,0.6667,0.4989,0.47619047619047616,3,14,4,21,20,22,42,0.5238095238095238,0.37443246383965534,0.4988662131519274
4,chr4:766520376:A:G,ALL(NP),A,G,2/16/2,0.8,0.5,0.5,2,16,2,20,20,20,40,0.5,0.375,0.5
4,chr4:904655316:C:T,ALL(NP),T,C,7/6/7,0.3,0.5,0.5,7,6,7,20,20,20,40,0.5,0.375,0.5
4,chr4:1004820079:A:C,ALL(NP),C,A,7/6/8,0.2857,0.4989,0.47619047619047616,7,6,8,21,20,22,42,0.5238095238095238,0.37443246383965534,0.4988662131519274
4,chr4:1069901431:A:G,ALL(NP),G,A,3/15/3,0.7143,0.5,0.5,3,15,3,21,21,21,42,0.5,0.375,0.5
4,chr4:1225735889:C:T,ALL(NP),T,C,2/15/3,0.75,0.4988,0.475,2,15,3,20,19,21,40,0.525,0.37437421875000004,0.49874999999999997
4,chr4:1248330187:A:G,ALL(NP),G,A,5/9/6,0.45,0.4988,0.475,5,9,6,20,19,21,40,0.525,0.37437421875000004,0.49874999999999997
4,chr4:1255335465:C:T,ALL(NP),T,C,2/15/3,0.75,0.4988,0.475,2,15,3,20,19,21,40,0.525,0.37437421875000004,0.49874999999999997
4,chr4:1260448718:C:T,ALL(NP),C,T,2/17/2,0.8095,0.5,0.5,2,17,2,21,21,21,42,0.5,0.375,0.5
4,chr4:1505900672:C:T,ALL(NP),T,C,8/3/9,0.15,0.4988,0.475,8,3,9,20,19,21,40,0.525,0.37437421875000004,0.49874999999999997
4,chr4:1531751376:A:G,ALL(NP),A,G,1/18/1,0.9,0.5,0.5,1,18,1,20,20,20,40,0.5,0.375,0.5
4,chr4:1578032719:A:G,ALL(NP),A,G,1/18/1,0.9,0.5,0.5,1,18,1,20,20,20,40,0.5,0.375,0.5
5,chr5:24337734:A:T,ALL(NP),A,T,8/4/8,0.2,0.5,0.5,8,4,8,20,20,20,40,0.5,0.375,0.5
5,chr5:28835381:A:C,ALL(NP),C,A,7/5/8,0.25,0.4988,0.475,7,5,8,20,19,21,40,0.525,0.37437421875000004,0.49874999999999997
5,chr5:80804829:C:G,ALL(NP),C,G,7/6/7,0.3,0.5,0.5,7,6,7,20,20,20,40,0.5,0.375,0.5
5,chr5:105954585:C:T,ALL(NP),T,C,0/19/1,0.95,0.4988,0.475,0,19,1,20,19,21,40,0.525,0.37437421875000004,0.49874999999999997
5,chr5:157205807:C:T,ALL(NP),T,C,8/3/9,0.15,0.4988,0.475,8,3,9,20,19,21,40,0.525,0.37437421875000004,0.49874999999999997
5,chr5:163813368:C:T,ALL(NP),T,C,7/6/7,0.3,0.5,0.5,7,6,7,20,20,20,40,0.5,0.375,0.5
5,chr5:435491031:A:G,ALL(NP),A,G,2/15/3,0.75,0.4988,0.475,2,15,3,20,19,21,40,0.525,0.37437421875000004,0.49874999999999997
5,chr5:452818136:C:G,ALL(NP),G,C,0/19/1,0.95,0.4988,0.475,0,19,1,20,19,21,40,0.525,0.37437421875000004,0.49874999999999997
5,chr5:724417340:A:G,ALL(NP),A,G,8/4/8,0.2,0.5,0.5,8,4,8,20,20,20,40,0.5,0.375,0.5
5,chr5:742986796:A:G,ALL(NP),A,G,9/1/10,0.05,0.4988,0.475,9,1,10,20,19,21,40,0.525,0.37437421875000004,0.49874999999999997
5,chr5:816047640:A:C,ALL(NP),A,C,7/6/7,0.3,0.5,0.5,7,6,7,20,20,20,40,0.5,0.375,0.5
5,chr5:934548665:A:G,ALL(NP),G,A,2/15/3,0.75,0.4988,0.475,2,15,3,20,19,21,40,0.525,0.37437421875000004,0.49874999999999997
5,chr5:957478078:G:T,ALL(NP),T,G,7/5/8,0.25,0.4988,0.475,7,5,8,20,19,21,40,0.525,0.37437421875000004,0.49874999999999997
5,chr5:1023223431:A:G,ALL(NP),G,A,5/9/6,0.45,0.4988,0.475,5,9,6,20,19,21,40,0.525,0.37437421875000004,0.49874999999999997
5,chr5:1028106634:C:T,ALL(NP),T,C,6/8/6,0.4,0.5,0.5,6,8,6,20,20,20,40,0.5,0.375,0.5
5,chr5:1051170209:A:G,ALL(NP),A,G,6/8/6,0.4,0.5,0.5,6,8,6,20,20,20,40,0.5,0.375,0.5
5,chr5:1154728947:C:T,ALL(NP),T,C,6/7/7,0.35,0.4988,0.475,6,7,7,20,19,21,40,0.525,0.37437421875000004,0.49874999999999997
5,chr5:1185415343:A:G,ALL(NP),G,A,1/18/1,0.9,0.5,0.5,1,18,1,20,20,20,40,0.5,0.375,0.5
5,chr5:1290568347:A:G,ALL(NP),A,G,7/6/7,0.3,0.5,0.5,7,6,7,20,20,20,40,0.5,0.375,0.5
6,chr6:49501398:C:T,ALL(NP),C,T,2/16/2,0.8,0.5,0.5,2,16,2,20,20,20,40,0.5,0.375,0.5
6,chr6:51749213:A:G,ALL(NP),A,G,6/8/6,0.4,0.5,0.5,6,8,6,20,20,20,40,0.5,0.375,0.5
6,chr6:79784464:A:C,ALL(NP),A,C,2/16/2,0.8,0.5,0.5,2,16,2,20,20,20,40,0.5,0.375,0.5
6,chr6:456201107:C:T,ALL(NP),C,T,4/12/5,0.5714,0.4989,0.47619047619047616,4,12,5,21,20,22,42,0.5238095238095238,0.37443246383965534,0.4988662131519274
6,chr6:658516587:C:T,ALL(NP),T,C,2/17/2,0.8095,0.5,0.5,2,17,2,21,21,21,42,0.5,0.375,0.5
6,chr6:713748933:C:T,ALL(NP),T,C,4/12/4,0.6,0.5,0.5,4,12,4,20,20,20,40,0.5,0.375,0.5
6,chr6:740398209:A:G,ALL(NP),A,G,1/18/1,0.9,0.5,0.5,1,18,1,20,20,20,40,0.5,0.375,0.5
6,chr6:899293109:C:T,ALL(NP),T,C,6/8/6,0.4,0.5,0.5,6,8,6,20,20,20,40,0.5,0.375,0.5
6,chr6:970470954:G:T,ALL(NP),T,G,7/5/8,0.25,0.4988,0.475,7,5,8,20,19,21,40,0.525,0.37437421875000004,0.49874999999999997
6,chr6:1074315995:A:G,ALL(NP),G,A,1/18/1,0.9,0.5,0.5,1,18,1,20,20,20,40,0.5,0.375,0.5
6,chr6:1337842821:A:G,ALL(NP),G,A,3/14/4,0.6667,0.4989,0.47619047619047616,3,14,4,21,20,22,42,0.5238095238095238,0.37443246383965534,0.4988662131519274
chr1L,chr1L:2959066:A:C,ALL(NP),A,C,0/20/1,0.9524,0.4989,0.47619047619047616,0,20,1,21,20,22,42,0.5238095238095238,0.37443246383965534,0.4988662131519274
chr1L,chr1L:9139829:C:T,ALL(NP),T,C,8/4/8,0.2,0.5,0.5,8,4,8,20,20,20,40,0.5,0.375,0.5
chr1L,chr1L:54193658:C:T,ALL(NP),C,T,4/11/5,0.55,0.4988,0.475,4,11,5,20,19,21,40,0.525,0.37437421875000004,0.49874999999999997
chr1L,chr1L:69241599:C:T,ALL(NP),T,C,4/12/4,0.6,0.5,0.5,4,12,4,20,20,20,40,0.5,0.375,0.5
chr1L,chr1L:269222753:A:G,ALL(NP),G,A,9/2/9,0.1,0.5,0.5,9,2,9,20,20,20,40,0.5,0.375,0.5
chr1L,chr1L:431271693:C:T,ALL(NP),C,T,9/2/9,0.1,0.5,0.5,9,2,9,20,20,20,40,0.5,0.375,0.5
chr1L,chr1L:512215143:C:G,ALL(NP),C,G,6/8/7,0.381,0.4989,0.47619047619047616,6,8,7,21,20,22,42,0.5238095238095238,0.37443246383965534,0.4988662131519274
chr1L,chr1L:576680331:C:T,ALL(NP),T,C,2/16/2,0.8,0.5,0.5,2,16,2,20,20,20,40,0.5,0.375,0.5
chr1L,chr1L:590658208:A:G,ALL(NP),G,A,8/3/9,0.15,0.4988,0.475,8,3,9,20,19,21,40,0.525,0.37437421875000004,0.49874999999999997
chr1L,chr1L:636824825:G:T,ALL(NP),T,G,8/4/8,0.2,0.5,0.5,8,4,8,20,20,20,40,0.5,0.375,0.5
chr1L,chr1L:680162444:A:G,ALL(NP),A,G,1/18/1,0.9,0.5,0.5,1,18,1,20,20,20,40,0.5,0.375,0.5
chr1L,chr1L:687737649:A:G,ALL(NP),G,A,2/17/2,0.8095,0.5,0.5,2,17,2,21,21,21,42,0.5,0.375,0.5
chr1L,chr1L:704383938:A:G,ALL(NP),G,A,8/4/8,0.2,0.5,0.5,8,4,8,20,20,20,40,0.5,0.375,0.5
chr1L,chr1L:729425161:A:T,ALL(NP),A,T,7/5/8,0.25,0.4988,0.475,7,5,8,20,19,21,40,0.525,0.37437421875000004,0.49874999999999997
chr1L,chr1L:872162675:G:T,ALL(NP),T,G,6/7/7,0.35,0.4988,0.475,6,7,7,20,19,21,40,0.525,0.37437421875000004,0.49874999999999997
chr1L,chr1L:938458904:C:T,ALL(NP),C,T,2/17/2,0.8095,0.5,0.5,2,17,2,21,21,21,42,0.5,0.375,0.5
chr1L,chr1L:984014418:A:G,ALL(NP),A,G,1/17/2,0.85,0.4988,0.475,1,17,2,20,19,21,40,0.525,0.37437421875000004,0.49874999999999997
chr1L,chr1L:1003589949:G:T,ALL(NP),T,G,7/5/8,0.25,0.4988,0.475,7,5,8,20,19,21,40,0.525,0.37437421875000004,0.49874999999999997
chr1L,chr1L:1008779296:C:T,ALL(NP),C,T,0/19/1,0.95,0.4988,0.475,0,19,1,20,19,21,40,0.525,0.37437421875000004,0.49874999999999997
chr1L,chr1L:1063778330:C:T,ALL(NP),C,T,6/8/6,0.4,0.5,0.5,6,8,6,20,20,20,40,0.5,0.375,0.5
chr1L,chr1L:1068260783:A:G,ALL(NP),A,G,8/4/8,0.2,0.5,0.5,8,4,8,20,20,20,40,0.5,0.375,0.5
chr1L,chr1L:1093851681:A:C,ALL(NP),A,C,4/12/4,0.6,0.5,0.5,4,12,4,20,20,20,40,0.5,0.375,0.5
chr1L,chr1L:1093876408:C:T,ALL(NP),T,C,8/4/8,0.2,0.5,0.5,8,4,8,20,20,20,40,0.5,0.375,0.5
chr1L,chr1L:1095410610:C:T,ALL(NP),T,C,6/7/7,0.35,0.4988,0.475,6,7,7,20,19,21,40,0.525,0.37437421875000004,0.49874999999999997
chr1L,chr1L:1100399669:G:T,ALL(NP),T,G,2/15/3,0.75,0.4988,0.475,2,15,3,20,19,21,40,0.525,0.37437421875000004,0.49874999999999997
chr1L,chr1L:1113158036:A:G,ALL(NP),G,A,8/3/9,0.15,0.4988,0.475,8,3,9,20,19,21,40,0.525,0.37437421875000004,0.49874999999999997
chr1L,chr1L:1121767612:A:G,ALL(NP),A,G,4/11/5,0.55,0.4988,0.475,4,11,5,20,19,21,40,0.525,0.37437421875000004,0.49874999999999997
chr1L,chr1L:1130961067:A:G,ALL(NP),A,G,7/5/8,0.25,0.4988,0.475,7,5,8,20,19,21,40,0.525,0.37437421875000004,0.49874999999999997
chr1L,chr1L:1305387731:C:T,ALL(NP),C,T,0/19/1,0.95,0.4988,0.475,0,19,1,20,19,21,40,0.525,0.37437421875000004,0.49874999999999997
chr1L,chr1L:1305473632:C:G,ALL(NP),G,C,0/20/1,0.9524,0.4989,0.47619047619047616,0,20,1,21,20,22,42,0.5238095238095238,0.37443246383965534,0.4988662131519274
chr1L,chr1L:1354760066:A:G,ALL(NP),A,G,3/14/4,0.6667,0.4989,0.47619047619047616,3,14,4,21,20,22,42,0.5238095238095238,0.37443246383965534,0.4988662131519274
chr1L,chr1L:1384049647:A:C,ALL(NP),A,C,2/16/2,0.8,0.5,0.5,2,16,2,20,20,20,40,0.5,0.375,0.5
chr1L,chr1L:1410694018:A:T,ALL(NP),A,T,5/10/6,0.4762,0.4989,0.47619047619047616,5,10,6,21,20,22,42,0.5238095238095238,0.37443246383965534,0.4988662131519274
chr1L,chr1L:1848693651:A:T,ALL(NP),T,A,2/17/2,0.8095,0.5,0.5,2,17,2,21,21,21,42,0.5,0.375,0.5
chr1S,chr1S:21695768:C:T,ALL(NP),C,T,2/16/2,0.8,0.5,0.5,2,16,2,20,20,20,40,0.5,0.375,0.5
chr1S,chr1S:90738856:A:G,ALL(NP),A,G,5/10/5,0.5,0.5,0.5,5,10,5,20,20,20,40,0.5,0.375,0.5
chr1S,chr1S:374134089:G:T,ALL(NP),G,T,3/14/4,0.6667,0.4989,0.47619047619047616,3,14,4,21,20,22,42,0.5238095238095238,0.37443246383965534,0.4988662131519274
chr1S,chr1S:428021948:A:G,ALL(NP),A,G,8/4/8,0.2,0.5,0.5,8,4,8,20,20,20,40,0.5,0.375,0.5
chr1S,chr1S:582890125:A:G,ALL(NP),A,G,0/20/1,0.9524,0.4989,0.47619047619047616,0,20,1,21,20,22,42,0.5238095238095238,0.37443246383965534,0.4988662131519274
chr1S,chr1S:763067876:C:T,ALL(NP),C,T,2/16/3,0.7619,0.4989,0.47619047619047616,2,16,3,21,20,22,42,0.5238095238095238,0.37443246383965534,0.4988662131519274
chr1S,chr1S:986010042:A:G,ALL(NP),G,A,6/8/6,0.4,0.5,0.5,6,8,6,20,20,20,40,0.5,0.375,0.5
chr1S,chr1S:1005171044:G:T,ALL(NP),T,G,8/4/8,0.2,0.5,0.5,8,4,8,20,20,20,40,0.5,0.375,0.5
chr1S,chr1S:1302756340:A:G,ALL(NP),A,G,8/4/9,0.1905,0.4989,0.47619047619047616,8,4,9,21,20,22,42,0.5238095238095238,0.37443246383965534,0.4988662131519274
chr1S,chr1S:1341039316:A:G,ALL(NP),A,G,5/10/5,0.5,0.5,0.5,5,10,5,20,20,20,40,0.5,0.375,0.5
chr1S,chr1S:1409286190:C:T,ALL(NP),T,C,5/11/5,0.5238,0.5,0.5,5,11,5,21,21,21,42,0.5,0.375,0.5
chr1S,chr1S:1469594218:A:G,ALL(NP),G,A,0/20/1,0.9524,0.4989,0.47619047619047616,0,20,1,21,20,22,42,0.5238095238095238,0.37443246383965534,0.4988662131519274
chr1S,chr1S:1473412435:G:T,ALL(NP),G,T,3/15/3,0.7143,0.5,0.5,3,15,3,21,21,21,42,0.5,0.375,0.5
sca197,sca197:83164:A:G,ALL(NP),G,A,7/5/8,0.25,0.4988,0.475,7,5,8,20,19,21,40,0.525,0.37437421875000004,0.49874999999999997
sca400,sca400:297455:A:G,ALL(NP),G,A,0/20/1,0.9524,0.4989,0.47619047619047616,0,20,1,21,20,22,42,0.5238095238095238,0.37443246383965534,0.4988662131519274
